promote,sex
promoted,male
promoted,male
promoted,male
promoted,male
promoted,male
promoted,male
promoted,male
promoted,male
promoted,male
promoted,male
promoted,male
promoted,male
promoted,male
promoted,male
promoted,male
promoted,male
promoted,male
promoted,male
promoted,male
promoted,male
promoted,male
promoted,female
promoted,female
promoted,female
promoted,female
promoted,female
promoted,female
promoted,female
promoted,female
promoted,female
promoted,female
promoted,female
promoted,female
promoted,female
promoted,female
not_promoted,male
not_promoted,male
not_promoted,male
not_promoted,female
not_promoted,female
not_promoted,female
not_promoted,female
not_promoted,female
not_promoted,female
not_promoted,female
not_promoted,female
not_promoted,female
not_promoted,female
